career,description,salary,future_scope,required_skills,top_companies
AIML,"Designs and develops Artificial Intelligence and Machine Learning solutions.","₹8-18 LPA","Excellent","Python, Machine Learning, Deep Learning, TensorFlow, Pandas, NLP","Google, Microsoft, Amazon, IBM, TCS"
Backend Developer,"Develops server-side applications, APIs, and databases.","₹6-12 LPA","High","Python, Django, Flask, SQL, REST APIs, Node.js","Infosys, TCS, Wipro, Cognizant, Accenture"
Blockchain Developer,"Builds decentralized applications and blockchain solutions.","₹8-20 LPA","Excellent","Blockchain, Solidity, Ethereum, Web3, Smart Contracts","Polygon, ConsenSys, IBM, Tech Mahindra"
C# Developer,"Develops desktop, enterprise and .NET applications.","₹5-10 LPA","High","C#, .NET, ASP.NET, SQL Server","Microsoft, Capgemini, Cognizant"
Cybersecurity Engineer,"Protects systems and networks from cyber threats.","₹7-15 LPA","Excellent","Network Security, Ethical Hacking, SIEM, Firewalls, Linux","Cisco, Deloitte, EY, TCS"
Data Analyst,"Analyzes data and prepares business reports.","₹5-10 LPA","Excellent","Excel, SQL, Python, Tableau, Data Visualization","Accenture, Deloitte, Infosys"
Data Scientist,"Analyzes data and builds predictive machine learning models.","₹8-18 LPA","Excellent","Python, SQL, Pandas, Machine Learning, Statistics","Google, Microsoft, Amazon, Infosys"
Designer,"Creates UI, UX and visual graphics for applications.","₹4-9 LPA","High","Figma, Adobe XD, Photoshop, Creativity, Wireframing","Adobe, Infosys, TCS"
DevOps Engineer,"Automates deployment, infrastructure and CI/CD pipelines.","₹8-16 LPA","Excellent","Docker, Kubernetes, Jenkins, Linux, AWS","Amazon, Google, Infosys"
Finance,"Manages financial planning, auditing and budgeting.","₹5-12 LPA","High","Excel, Financial Modeling, Risk Analysis, Analytics","Deloitte, KPMG, EY"
Frontend Developer,"Builds attractive and responsive user interfaces.","₹5-10 LPA","High","HTML, CSS, JavaScript, React, Bootstrap","Google, Accenture, Capgemini"
Full Stack Java Developer,"Develops complete web applications using Java technologies.","₹6-14 LPA","Excellent","Java, Spring Boot, Hibernate, SQL, HTML, CSS","Infosys, TCS, Wipro"
Full Stack Python Developer,"Develops complete web applications using Python.","₹6-14 LPA","Excellent","Python, Django, Flask, HTML, CSS, JavaScript","Google, Infosys, TCS"
Game Developer,"Develops PC, mobile and console games.","₹6-12 LPA","High","Unity, Unreal Engine, C++, Game Physics","Ubisoft, Rockstar Games, EA"
HR,"Handles recruitment, employee relations and HR policies.","₹4-8 LPA","Good","Recruitment, HR Management, Communication, Leadership","Infosys, Wipro, HCL"
Kubernetes Operations Engineer,"Manages containerized cloud infrastructure.","₹8-16 LPA","Excellent","Docker, Kubernetes, Helm, Terraform, Linux","Google, AWS, IBM"
Marketing,"Promotes products and manages digital campaigns.","₹4-10 LPA","High","SEO, Google Analytics, Social Media, Marketing Strategy","Amazon, Flipkart, Reliance"
Mobile Developer,"Develops Android and iOS mobile applications.","₹6-14 LPA","Excellent","Android Development, Kotlin, Swift, iOS Development","Google, Samsung, Infosys"
PHP Developer,"Develops dynamic web applications using PHP.","₹4-9 LPA","Good","PHP, Laravel, MySQL, HTML, CSS","TCS, Wipro, Zoho"
Software Project Manager,"Plans, manages and delivers software projects.","₹10-20 LPA","Excellent","Project Management, Scrum, Agile, Leadership","Infosys, Accenture, IBM"
Video Game Designer,"Designs gameplay, levels and game mechanics.","₹5-10 LPA","Good","Game Design, Unity, Creativity, Unreal Engine","Ubisoft, EA, Rockstar Games"
Web Developer,"Develops responsive websites and web applications.","₹5-10 LPA","High","HTML, CSS, JavaScript, PHP, WordPress","TCS, Infosys, Wipro"